<?xml version="1.0" encoding="UTF-8"?><SimcopConfig xmlns="http://www.unisinos.br/pipca/simcop"><name>Teste 1</name><description/><author/><modifiedBy/><created>2013-10-27 17:56:23</created><modified>2013-10-27 17:56:23</modified><SimcopProcess><task class="br.unisinos.simcop.impl.filters.RemoveGaps" label="RemoveGaps" sequence="0" type="InputFilter"/><task class="br.unisinos.simcop.impl.transformations.DefaultTimeAlign" label="DefaultTimeAlign" sequence="1" type="InputTransformation"/><task class="br.unisinos.simcop.impl.similarity.sequences.ECDefault" label="ECDefault" sequence="2" type="SequenceSimilarity"><parameter name="acceptAll" pattern="" value="false"/><parameter name="acceptGapsSequenceA" pattern="" value="false"/><parameter name="acceptGapsSequenceB" pattern="" value="false"/><parameter name="maxDistance" pattern="" value="1"/><parameter name="minSimilarity" pattern="" value="0.01"/></task><task class="br.unisinos.simcop.impl.transformations.ResultFileOutput" label="ResultFileOutput" sequence="3" type="OutputTransformation"><parameter name="csvDelimiter" pattern="" value=";"/><parameter name="csvQuote" pattern="" value="true"/><parameter name="fileName" pattern="" value="similarityResult"/><parameter name="fileType" pattern="" value="xml"/><parameter name="outputFolder" pattern="" value="/home/tiago/temp/simcop/result1.xml"/><parameter name="xmlEncoding" pattern="" value="utf-8"/><parameter name="xmlIdent" pattern="" value="true"/><parameter name="xmlVersion" pattern="" value="1.0"/></task></SimcopProcess></SimcopConfig>