<?xml version="1.0" encoding="UTF-8"?>
<project-private xmlns="http://www.netbeans.org/ns/project-private/1">
    <editor-bookmarks xmlns="http://www.netbeans.org/ns/editor-bookmarks/1">
        <file>
            <url>src/br/unisinos/simcop/builder/gui/EditConfigStore.java</url>
            <line>1030</line>
        </file>
    </editor-bookmarks>
    <editor-bookmarks xmlns="http://www.netbeans.org/ns/editor-bookmarks/2" lastBookmarkId="0">
        <file>
            <url>src/br/unisinos/simcop/builder/gui/EditConfigStore.java</url>
            <bookmark id="0">
                <name/>
                <line>1221</line>
                <key/>
            </bookmark>
        </file>
    </editor-bookmarks>
</project-private>
